"","id","code","lastpage","random","Vig1","Vig2","Vig3","ursache","affekt_1","affekt_2","affekt_3","affekt_4","affekt_5","affekt_6","affekt_7","affekt_8","affekt_10","affekt_11","affekt_13","affekt_12","affekt_14","affekt_15","affekt_16","text","int_1","sta_1","glo_1","kon_1","sozunt_ins5","sozunt_ins1","sozunt_ins4","sozunt_emo5","sozunt_inf3","sozunt_emo1","sozunt_inf1","sozunt_emo2","sozunt_inf2","sozunt_emo3","sozunt_ins3","sozunt_emo4","sozunt_inf4","sozunt_inf5","sozunt_ins2","sozuntoffen_1","sozuntoffen_2","sozuntoffen_3","check_1","seffsab_1","seffsab_2","seffsab_20","seffsab_14","seffsab_6","seffsab_28","seffsab_48","seffsab_39","seffsab_46","seffsab_47","seffsab_4","seffsab_29","seffsab_44","seffsab_27","seffsab_42","seffsab_9","sex","age"
"1",360,"UR09FRW",30,3,NA,NA,NA,"Passung Lernarrangement - SuS-Vorkenntnisse",4,3,4,1,2,5,1,2,2,1,1,1,2,5,3,NA,4,5,5,6,2,2,2,6,4,3,5,6,3,6,2,6,6,3,2,"über die Gefühle des LAA während der Situation ins Gespräch kommen","Bewältigungsstrategien im Prozess erörtern","",3,4,4,4,3,4,3,4,4,4,4,4,3,4,4,3,4,2,51
"2",361,"ED15HAL",11,NA,NA,NA,NA,"",NA,NA,NA,NA,NA,NA,NA,NA,NA,NA,NA,NA,NA,NA,NA,NA,NA,NA,NA,NA,NA,NA,NA,NA,NA,NA,NA,NA,NA,NA,NA,NA,NA,NA,NA,"","","",NA,NA,NA,NA,NA,NA,NA,NA,NA,NA,NA,NA,NA,NA,NA,NA,NA,NA,NA
"3",546,"CH01UWM",30,3,NA,NA,NA,"Da ich weder individuelle Situation des Schülers, noch der U- Stunde kenne, macht es keinen Sinn hier eine Hauptursache zu erraten…",NA,NA,NA,NA,NA,NA,NA,NA,NA,NA,NA,NA,NA,NA,NA,NA,NA,NA,NA,NA,1,1,5,6,6,4,6,6,4,6,5,6,6,6,6,"Gemeinsam mit LAA die Situation analysieren","Gemeinsam Handlungsalternativen erarbeiten","LAA auswählen lassen, welche Alternative er/sie ausprobieren möchte… und anschließend gucken, ob es besser war",NA,4,4,4,3,4,4,4,4,4,4,4,NA,4,4,4,4,1,47
"4",363,"RE14PEF",30,3,NA,NA,NA,"Langeweile",2,3,3,1,3,2,2,2,2,1,2,1,2,5,2,NA,4,6,6,6,1,2,4,6,5,5,5,6,5,6,3,6,6,5,2,"","","",5,4,4,4,3,4,3,3,4,3,3,4,4,4,4,4,4,2,34
"5",364,"GI15HED",30,3,NA,NA,NA,"unzureichende kognitive und motivationale Aktivierung des Schülers",5,1,5,1,1,4,1,1,4,1,1,1,1,5,1,NA,5,6,4,6,3,4,6,6,6,4,6,6,6,5,5,6,6,6,5,"zunächst die Wahrnehmung der Situation durch den LAA erfragen","die subjektiven Theorien / Glaubenssätze des LAA zu den Ursachen der Störung thematisieren","gemeinsam mit dem LAA Lösungen entwickeln und später mit ihm evaluieren",5,4,4,4,4,4,4,4,4,4,3,4,4,4,4,4,4,2,51
"6",365,"MA12HUS",8,NA,NA,NA,NA,"",NA,NA,NA,NA,NA,NA,NA,NA,NA,NA,NA,NA,NA,NA,NA,NA,NA,NA,NA,NA,NA,NA,NA,NA,NA,NA,NA,NA,NA,NA,NA,NA,NA,NA,NA,"","","",NA,NA,NA,NA,NA,NA,NA,NA,NA,NA,NA,NA,NA,NA,NA,NA,NA,NA,NA
"7",366,"DO07PIR",30,3,NA,NA,NA,"pubertäres Herausfordern von Grenzsituationen",2,2,4,1,1,1,1,1,2,1,1,1,1,5,1,NA,4,7,7,7,6,6,2,6,6,6,6,6,5,5,5,6,6,6,5,"auch mit anderen an der Ausbildung Beteiligten ins Gespräch kommen wollen.","die Gesamtsituation der Schule reflektieren.","kollegialen Austausch fördern.",4,4,4,4,3,4,4,2,3,3,4,4,2,3,4,4,4,1,39
"8",367,"LI28HUP",30,2,NA,NA,NA,"Aus dem Stundeneinstieg geht kein konkreter Handlungsauftrag / keine Problemstellung / keine Leitfrage hervor, die deutlich macht, was wozu erarbeitet werden soll.",1,2,4,1,1,1,1,2,3,1,1,1,2,1,1,NA,4,7,1,7,1,3,1,6,5,3,1,5,5,6,5,5,6,6,3,"mit der LAA GEMEINSAM Lösungen erarbeiten","","",4,4,4,4,3,4,4,3,3,3,4,3,2,3,3,3,3,1,52
"9",370,"MA27NOL",30,3,NA,NA,NA,"Der Unterricht spricht die Schüler_innen nicht an.",1,2,5,1,1,1,1,2,2,1,1,1,1,5,2,NA,4,5,4,7,1,4,5,6,6,1,1,4,2,5,3,6,6,5,5,"versuchen, die/den LAA durch zirkuläre Fragen auf eigene Thesen für die Ursache der Störung zu bringen","würde fragen, in welchen Situationen solche Störungen auftreten","würde fragen, wann der/die LAA die Schüler_innen besonders aufmerksam und im Unterricht aktiv erlebt",3,4,4,4,3,3,3,1,2,3,4,3,3,4,4,3,4,1,54
"10",371,"CH16UDM",30,2,NA,NA,NA,"Transparenz -> Motivation",2,3,3,1,3,1,1,2,3,1,2,1,2,3,2,NA,4,6,4,6,1,4,5,5,5,3,6,5,5,6,2,4,6,5,2,"","","",3,4,3,4,3,4,3,3,4,4,3,3,2,4,3,3,4,1,48
"11",565,"CO04HAB",30,1,NA,NA,NA,"Lehrkraftverhalten",1,1,4,1,1,NA,2,2,1,1,1,1,1,2,2,NA,6,7,7,7,5,5,6,6,6,4,NA,6,6,6,5,6,6,6,5,"konkrete Handlungsschritte gemeinsam erarbeiten unter Einbeziehung der AL","Ursachen des Verhaltens herausfiltern wie grundsätzliche Unsicherheit, Körpersprache oder Planungsaspekte","",6,4,4,4,4,4,3,3,3,4,4,3,4,4,4,4,4,1,46
"12",373,"BR31ERW",13,3,NA,NA,NA,"",2,4,4,1,2,NA,1,2,1,1,2,1,1,3,2,NA,4,4,4,6,NA,NA,NA,NA,NA,NA,NA,NA,NA,NA,NA,NA,NA,NA,NA,"","","",NA,NA,NA,NA,NA,NA,NA,NA,NA,NA,NA,NA,NA,NA,NA,NA,NA,NA,NA
"13",374,"SU28HIF",18,2,NA,NA,NA,"Der Arbeitsauftrag ist nicht verstanden worden, es gibt Unklarheiten, die durch SuS zunächst geklärt werden sollten.",4,1,4,1,2,3,1,1,4,1,2,1,1,4,1,NA,4,4,4,6,2,2,5,6,6,2,2,6,5,5,4,6,6,6,5,"die Sicht der LAA auf die Situation anhören.","fragen, ob das öfter in der Lerngruppe auftritt.","fragen, welche Maßnahmen ggf. schon ausprobiert worden sind.",5,NA,NA,NA,NA,NA,NA,NA,NA,NA,NA,NA,NA,NA,NA,NA,NA,NA,NA
"14",376,"MA23JUL",30,1,NA,NA,NA,"Die Klasse ist nicht daran gewöhnt, zu Beginn oder während des Unterrichts vereinbarte Regeln zu beachten.",2,5,NA,1,3,1,1,2,1,1,2,1,1,4,1,NA,4,7,5,5,1,1,5,6,4,3,4,6,3,5,2,6,5,4,4,"nach besonderen Vorkommnissen fragen","fragen, wie die / der LAA die Situation empfunden hat","",3,3,3,3,2,2,3,2,3,3,4,3,3,4,3,4,4,1,56
"15",377,"IN16GEB",30,3,NA,NA,NA,"Ich kann keine Hauptursache benennen, da ich weder die Lehrkraft noch den Schüler kenne. Beide haben Gründe, sich genau so zu verhalten, wie es beschrieben ist.  Ich habe Ideen für viele Hypothesen. ",NA,NA,5,NA,NA,NA,NA,NA,NA,NA,NA,NA,NA,NA,NA,NA,4,4,4,7,1,1,5,6,3,1,1,6,1,6,1,6,6,5,2,"nach Hypothesen des als störend wahrgenommenen Verhaltens fragen, da Verhalten immer funktional ist. Betrifft sowohl Verhalten der Lehrkraft, als auch des Schülers","systemische Techniken besprechen, um das als störend wahrgenommene Verhalten zukünftig produktiv nutzen zu können","verdeutlichen, dass störungsfreier Unterricht eine didaktische Fiktion ist und diese Situation eine sehr gute Lernchance darstellt",6,4,3,4,3,NA,4,3,4,4,4,3,4,4,4,4,4,1,46
"16",378,"ED24HAH",30,3,NA,NA,NA,"Langeweile in Kombination mit einer typischen Machtkonstellation. ",4,2,4,1,2,2,1,1,3,1,1,1,1,4,2,NA,4,6,5,7,1,2,4,5,5,2,5,6,2,5,1,4,6,5,5,"für Humor in einer solchen Situation sensibilisieren","für gesunde Grenzen der Verantwortungsübernahme aufmerksam machen ","",3,4,4,4,3,4,3,3,3,4,3,4,3,3,4,3,4,1,58
"17",379,"EL04ULT",30,2,NA,NA,NA,"Das Lernangebot überfordert die SuS massiv",4,2,5,1,1,1,2,2,4,1,1,1,1,5,1,NA,5,7,6,7,1,2,2,4,4,5,6,6,6,6,2,6,6,6,4,"zur eigenen Reflexion der Situation anregen","Input geben zu Diagnosemöglichkeiten","über Unterstützungsangeboten im Innen und Außen nachdenken",2,3,3,3,3,3,4,2,3,3,4,3,4,4,3,4,4,1,51
"18",380,"MA21FRA",9,NA,NA,NA,NA,"",NA,NA,NA,NA,NA,NA,NA,NA,NA,NA,NA,NA,NA,NA,NA,NA,NA,NA,NA,NA,NA,NA,NA,NA,NA,NA,NA,NA,NA,NA,NA,NA,NA,NA,NA,"","","",NA,NA,NA,NA,NA,NA,NA,NA,NA,NA,NA,NA,NA,NA,NA,NA,NA,NA,NA
"19",381,"AN13RAE",12,2,NA,NA,NA,"",NA,NA,NA,NA,NA,NA,NA,NA,NA,NA,NA,NA,NA,NA,NA,NA,NA,NA,NA,NA,NA,NA,NA,NA,NA,NA,NA,NA,NA,NA,NA,NA,NA,NA,NA,"","","",NA,NA,NA,NA,NA,NA,NA,NA,NA,NA,NA,NA,NA,NA,NA,NA,NA,NA,NA
"20",382,"MA28HUH",9,NA,NA,NA,NA,"",NA,NA,NA,NA,NA,NA,NA,NA,NA,NA,NA,NA,NA,NA,NA,NA,NA,NA,NA,NA,NA,NA,NA,NA,NA,NA,NA,NA,NA,NA,NA,NA,NA,NA,NA,"","","",NA,NA,NA,NA,NA,NA,NA,NA,NA,NA,NA,NA,NA,NA,NA,NA,NA,NA,NA
"21",383,"GA04HAS",9,NA,NA,NA,NA,"",NA,NA,NA,NA,NA,NA,NA,NA,NA,NA,NA,NA,NA,NA,NA,NA,NA,NA,NA,NA,NA,NA,NA,NA,NA,NA,NA,NA,NA,NA,NA,NA,NA,NA,NA,"","","",NA,NA,NA,NA,NA,NA,NA,NA,NA,NA,NA,NA,NA,NA,NA,NA,NA,NA,NA
"22",385,"BR04HAW",30,1,NA,NA,NA,"Die Lerngruppe ist nicht auf den Unterricht fokussiert, es fehlt der klare Rahmen.",3,3,1,1,1,1,1,3,1,1,1,1,2,4,2,NA,4,4,4,5,1,2,5,6,6,5,6,6,5,6,4,6,6,6,2,"den/die LAA* fragen, wie es ihm/ihr geht.","mit dem/der LAA* besprechen, ob diese Problematik nur in dieser Lerngruppe auftritt oder auch in anderen.","möglichst konkrete Beobachtungen aus dem Unterricht teilen.",2,4,3,4,3,4,3,3,4,4,3,4,4,4,4,4,4,1,54
"23",386,"MA15GÜL",30,2,NA,NA,NA,"unklare Aufgabenstellung",1,2,4,1,1,1,1,1,1,1,1,1,1,1,1,NA,4,3,2,7,2,3,2,5,6,4,6,6,6,6,2,6,6,6,3,"","","",4,4,3,4,3,3,3,4,4,4,3,4,4,3,4,4,4,2,58
"24",387,"ER06WOD",30,3,NA,NA,NA,"Individuelles (Fehl)verhalten des störenden Schülers ",3,1,4,1,1,4,1,1,4,1,1,1,1,5,1,NA,2,2,2,4,4,5,1,6,5,6,1,6,6,6,1,5,6,6,2,"","","",4,3,3,4,3,3,3,3,3,3,3,3,3,3,3,3,3,2,60
"25",388,"RE19HEB",30,1,NA,NA,NA,"keine gute Beziehungsebene zwischen Lehrkraft und Lerngruppe",2,4,3,1,2,1,1,4,2,1,2,1,3,4,4,NA,4,7,3,6,2,5,5,5,6,6,6,6,6,6,4,6,6,6,6,"","","",2,4,3,4,3,4,3,3,3,3,4,3,3,3,4,4,4,1,47
"26",390,"IN15JÜB",30,2,NA,NA,NA,"Der Arbeitsauftrag hat die Schüler nicht erreicht.",1,3,5,1,1,1,1,2,2,1,1,1,1,5,1,NA,4,7,3,6,5,5,NA,6,5,3,4,6,4,5,2,5,5,5,4,"""die Schüler von Heute"" - Diskussion vermeiden.","","",5,3,3,4,3,4,2,4,3,2,3,4,4,4,4,3,4,2,57
"27",391,"JO04HEL",4,NA,NA,NA,NA,"",NA,NA,NA,NA,NA,NA,NA,NA,NA,NA,NA,NA,NA,NA,NA,NA,NA,NA,NA,NA,NA,NA,NA,NA,NA,NA,NA,NA,NA,NA,NA,NA,NA,NA,NA,"","","",NA,NA,NA,NA,NA,NA,NA,NA,NA,NA,NA,NA,NA,NA,NA,NA,NA,NA,NA
"28",392,"HE07ENL",8,NA,NA,NA,NA,"",NA,NA,NA,NA,NA,NA,NA,NA,NA,NA,NA,NA,NA,NA,NA,NA,NA,NA,NA,NA,NA,NA,NA,NA,NA,NA,NA,NA,NA,NA,NA,NA,NA,NA,NA,"","","",NA,NA,NA,NA,NA,NA,NA,NA,NA,NA,NA,NA,NA,NA,NA,NA,NA,NA,NA
"29",393,"CL17RAM",7,NA,NA,NA,NA,"",NA,NA,NA,NA,NA,NA,NA,NA,NA,NA,NA,NA,NA,NA,NA,NA,NA,NA,NA,NA,NA,NA,NA,NA,NA,NA,NA,NA,NA,NA,NA,NA,NA,NA,NA,"","","",NA,NA,NA,NA,NA,NA,NA,NA,NA,NA,NA,NA,NA,NA,NA,NA,NA,NA,NA
"30",394,"SU18EDB",8,NA,NA,NA,NA,"",NA,NA,NA,NA,NA,NA,NA,NA,NA,NA,NA,NA,NA,NA,NA,NA,NA,NA,NA,NA,NA,NA,NA,NA,NA,NA,NA,NA,NA,NA,NA,NA,NA,NA,NA,"","","",NA,NA,NA,NA,NA,NA,NA,NA,NA,NA,NA,NA,NA,NA,NA,NA,NA,NA,NA
"31",395,"UR29KAH",19,1,NA,NA,NA,"Die SuS haben kein Interesse, sind nicht motiviert.",1,1,5,1,1,1,1,1,NA,1,1,1,1,5,1,NA,4,5,4,6,1,1,2,6,6,2,6,6,3,5,4,5,6,6,6,"auf ein Coching- Gespräch vorschlagen","auf die Lerngruppe verweisen","die Ausbildungsleher:innen einbeziehen",5,NA,NA,NA,NA,NA,NA,NA,NA,NA,NA,NA,NA,NA,NA,NA,NA,NA,NA
"32",396,"UL09ROL",30,2,NA,NA,NA,"mangelnde SuS-Orientierung/Passung des Arbeitsauftrags",2,3,4,1,1,1,1,1,1,1,1,1,1,4,1,NA,5,6,4,6,2,2,2,6,6,1,6,5,6,6,1,6,6,6,2,"LAA bitten, diesbezüglich eigene Gesprächs- und Reflexionsschwerpunkte sowie Bedarfe zu benennen","gemeinsam Ursachenforschung betreiben ","gemeinsam Handlungsoptionen reflektieren",3,4,3,4,2,3,4,4,4,3,3,3,3,4,3,3,4,2,37
"33",397,"MA14MAL",30,3,NA,NA,NA,"Rollenverständnis des störenden Schülers in der Situation im Bezug zur Rollenklarheit der Lehrkraft und deren geleisteter Beziehungsarbeit",2,4,5,1,3,1,1,2,1,1,3,1,2,5,2,NA,4,7,4,6,1,3,1,6,6,2,6,6,6,6,5,6,6,6,5,"die Lern- und Entwicklungschance herausstellen, die sich hier für den/die LAA bietet","auf meine eigenen Erfahrungen verweisen: Mit zunehmender Rollenklarheit, die mit der Berufserfahrung kommt, erweitert sich das Repertoire im Umgang mit ihnen und das ist ein nötiger und normaler Prozess in der eigenen Professionalisierung","ggf. den/die LAA ermuntern, in UBs mit der Störung genauso umzugehen, als säße ich nicht hinten im Unterricht. ",5,4,3,4,3,4,3,4,4,4,4,3,4,4,4,3,4,2,49
"34",398,"UR11MAG",30,3,NA,NA,NA,"Die Beziehung zwischen Lehrkraft und Schüler scheint durch etwas gestört zu sein.",1,2,3,1,1,1,1,1,1,1,1,1,1,3,1,NA,4,4,4,6,1,1,3,5,3,6,6,6,3,4,3,6,6,4,2,"nach der Wahrnehmung der/des LAA fragen","die Perspektive des Schülers untersuchen","nach bisher bewältigten Situationen solcher Art fragen",3,4,3,4,3,4,4,3,3,3,4,3,2,4,4,4,4,1,39
"35",399,"BE18HAG",30,3,NA,NA,NA,"Über oder Unterforderung",1,1,1,1,1,1,1,1,1,1,1,1,1,1,1,NA,4,4,4,4,1,1,3,5,6,1,1,6,5,6,4,6,6,6,4,"den LAA bitten seine Sicht darauf wieder zu geben","erst einmal gucken, woran es gelegen haben könnte, hatte der Unterricht überhaupt etwas damit zu tun?","",4,4,4,3,2,3,4,1,3,3,3,4,4,4,4,4,4,1,38
"36",400,"BE31GES",30,2,NA,NA,NA,"Die SUS haben keine ausreichende Gelegenheit gehabt, den Arbeitsauftrag anzunehmen. Die Beschreibung der Situation ""stellt einen Arbeitsauftrag"", ""den die SUS [...] bearbeiten sollen"", ""zum Arbeiten aufgefordert hat"" wirkt insgesamt so, als liege hier eine (zu) starke Lehrer*innenzentrierung vor.)"" ",1,3,4,1,3,1,1,3,2,1,2,1,1,4,1,NA,6,7,3,6,1,1,4,5,4,2,5,6,4,6,2,3,5,5,4,"...mit gezielten Fragen die/ den LAA dazu bringen, eigene Lösungen für die Bewältigung der Unterrichtsstörung zu entwickeln.","...Rückmeldungen anderer Ausbildungsbeteiligter im gleichen UB (ABA, SL, Ausbildungslehrer*innen) einholen.","",3,3,2,4,3,3,4,2,3,4,4,3,2,3,4,4,4,2,39
"37",401,"HE10JÜL",30,2,NA,NA,NA,"Unklarer Arbeitsauftrag",1,1,3,1,1,1,1,1,1,1,1,1,1,4,1,NA,5,5,4,7,1,3,6,6,6,2,5,6,5,6,3,5,6,6,4,"","","",3,4,3,4,3,4,4,4,4,4,3,4,3,4,4,4,4,1,44
"38",402,"EV07ULP",30,3,NA,NA,NA,"Fehlende Schüleraktivierung",4,4,4,1,3,2,3,3,3,1,2,1,2,4,4,NA,6,6,4,6,1,3,4,6,6,6,3,6,6,6,3,6,6,6,6,"","","",4,3,3,4,2,3,4,3,3,3,3,3,2,4,4,4,4,1,47
"39",403,"AN20FRM",30,3,NA,NA,NA,"Der Schüler fühlt sich bloßgestellt vor der Klasse, wenn er sich erheben soll, eine Ermahnung seitens des LAA wäre zuerst angebracht.",1,4,4,1,1,1,1,3,1,1,1,1,4,3,2,NA,5,5,5,7,1,1,4,5,5,4,6,4,6,4,3,4,6,6,3,"einen Perspektivwechsel anregen, sodass LAA möglichst selbst  Handlungsalternativen findet und diese benennt. Diese können dann von weiteren GesprächsTN ergänzt und diskutiert werden","","",3,4,3,3,2,4,4,2,3,3,4,4,2,3,3,3,4,1,40
"40",404,"MA19HEK",30,2,NA,NA,NA,"Mangelnde Gewöhnung Arbeitsaufträge zu befolgen",1,2,4,1,1,1,1,2,1,1,1,1,1,1,2,NA,5,6,5,5,2,3,NA,5,5,5,5,5,4,5,4,5,6,6,4,"Ich würde mir Beobachtungen, vermutliche Ursachen und Strategien der LAA  anhören","Ich würde die systemischen Ursachen ansprechen","",3,4,4,4,3,3,3,2,3,2,3,3,3,3,3,3,4,2,59
"41",405,"FR10VID",30,2,NA,NA,NA,"Der Arbeitsauftrag ist unklar oder nicht angemessen (zu schwer, zu leicht, zu wenig Lebensweltbezug)",3,4,3,1,3,2,3,3,2,1,3,1,3,4,2,NA,5,4,4,5,2,2,1,3,5,4,5,4,5,5,3,4,5,5,3,"Gründe für die Störung gemeinsam erörtern","die Beobachtungen der Situation abgleichen","dazu anregen, auch ein Feedback der SuS einzuholen",4,4,3,3,3,3,3,3,3,3,3,3,2,3,3,3,4,2,49
"42",408,"MA02ECD",30,3,NA,NA,NA,"Aufmerksamkeit der anderen SuS bekommen ",3,3,4,1,1,2,1,2,2,1,1,1,3,4,1,NA,3,6,6,6,2,4,1,6,6,6,6,6,5,6,4,6,6,6,5,"","","",4,4,3,4,3,3,3,2,3,3,4,4,3,3,4,4,4,2,47
"43",409,"BR05JON",30,1,NA,NA,NA,"Emotionalität der SuS",1,2,3,1,2,1,2,2,1,1,1,1,1,1,2,NA,4,6,5,6,2,4,3,6,6,6,6,6,4,6,5,6,6,5,5,"Raum für eigene Vermutung geben, warum Unruhe auftauchte","weitere Beratung anbieten, auch für Folgestunden, wenn gewünscht","alternative Handlungen/ Methoden sammeln, um präventiv mit Lerngruppe in Ruhe zu arbeiten",4,4,3,4,3,4,3,3,3,3,3,4,3,4,3,4,4,1,40
"44",410,"JO17BRH",30,1,NA,NA,NA,"",1,1,5,1,1,1,1,1,1,1,1,1,1,3,1,NA,4,4,4,4,6,6,1,6,6,1,6,6,6,6,1,6,6,1,6,"","","",6,4,4,4,4,4,4,1,3,4,4,4,4,4,4,4,4,1,60
"45",368,"ED09FRS",30,3,NA,NA,NA,"",2,2,4,1,1,1,1,2,3,1,1,1,2,4,1,NA,5,6,4,7,4,1,5,6,6,4,6,6,6,6,1,6,6,6,5,"weiterhin beraten auch POBC","Ursachen suchen und finden","Handlungsmöglichkeiten gemeinsam suchen und finden",3,4,3,2,3,2,4,3,3,3,3,3,2,3,3,3,3,1,47
"46",412,"EL04HEM",20,1,NA,NA,NA,"Die Lerngruppe ist drinnen und bewegt sich kaum. Die laute Kommunikation ist ein Kompensationsventil der Klasse. ",3,4,4,1,2,1,3,3,3,1,1,1,3,3,3,NA,1,4,5,4,1,2,3,5,4,4,4,5,4,5,5,5,4,5,3,"aktivierende Methoden im Seminar machen, die auf Unterrichtskontexte übertragbar sind.","","",4,3,3,3,2,3,3,2,3,3,3,3,3,3,3,3,3,NA,NA
"47",413,"GE25NOM",30,1,NA,NA,NA,"Es scheint einen Konflikt zu geben der eine derart nachhaltige Störung anfacht. Ob dies ein Konflikt zwischen der Lehrperson und den SuS ist oder unter den SuS etwas passiert ist, ist durch die Beschreibung oben nicht zu erkennen.",1,3,5,1,1,NA,1,2,4,NA,2,1,1,5,4,NA,4,4,4,7,NA,NA,NA,6,6,3,NA,4,4,4,4,3,6,5,5,"die/den LAA die Situation reflektieren lassen","eine Analyse verschiedener Aspekte/Gründe/Ursachen gemeinsam durchführen","alternative Handlungsmöglichkeiten besprechen und ggf. schulische Unterstützung (ABB/etc) anregen",2,3,3,3,NA,3,3,NA,2,3,3,3,3,3,3,3,3,1,48
"48",414,"UR03LOB",7,NA,NA,NA,NA,"",NA,NA,NA,NA,NA,NA,NA,NA,NA,NA,NA,NA,NA,NA,NA,NA,NA,NA,NA,NA,NA,NA,NA,NA,NA,NA,NA,NA,NA,NA,NA,NA,NA,NA,NA,"","","",NA,NA,NA,NA,NA,NA,NA,NA,NA,NA,NA,NA,NA,NA,NA,NA,NA,NA,NA
"49",416,"AN06KLG",30,3,NA,NA,NA,"Schüler*innen-Lehrer*innen-Beziehung",4,2,4,1,1,NA,1,2,4,1,1,2,2,5,2,NA,4,6,4,5,2,2,4,5,4,2,6,6,1,5,5,5,6,6,4,"(noch einmal) das Thema Beziehungsarbeit im Schulalltag aufgreifen","nach Unterstützungsmöglichkeiten in der Schule fragen","",4,4,4,3,3,4,4,2,3,4,4,4,3,4,4,4,4,1,42
"50",417,"MA02PAM",30,1,NA,NA,NA,"Bedürfnis der Lerngruppe falsch eingeschätzt (die brauchen zügigeren Start und Interaktion statt Abwarten der LAA)",1,2,5,1,2,1,1,2,3,1,1,1,1,5,2,NA,3,7,5,7,1,2,6,5,5,5,5,6,5,4,4,4,4,6,3,"Lerngruppenbeobachtung für die Folgestunden beauftragen","Ideen für Variationen des U-Beginns sammeln und anbieten","",4,3,4,4,3,3,3,2,3,4,4,2,3,3,4,3,3,2,45
"51",418,"LU05GED",12,2,NA,NA,NA,"",NA,NA,NA,NA,NA,NA,NA,NA,NA,NA,NA,NA,NA,NA,NA,NA,NA,NA,NA,NA,NA,NA,NA,NA,NA,NA,NA,NA,NA,NA,NA,NA,NA,NA,NA,"","","",NA,NA,NA,NA,NA,NA,NA,NA,NA,NA,NA,NA,NA,NA,NA,NA,NA,NA,NA
"52",419,"GA19LOR",14,3,NA,NA,NA,"Autismus",5,1,5,1,1,1,1,1,1,1,1,1,1,4,1,NA,4,4,5,5,2,5,1,5,6,4,6,6,4,3,4,6,5,3,4,"mit LAA (und ggf. Mentor*in) gemeinsam nach Ursachen für das gezeigte Verhalten schauen und gemeinsame Strategien für den Umgang mit dem herausfordernden Verhalten erarbeiten.","den/die LAA noch einmal beide Verhaltensperspektiven (S. und LAA) einnehmen lassen.","als Erstes den/die LAA fragen, wie sie sich in der Situation gefühlt hat, was die Situation mit ihr gemacht hat und in einem 2. Schritt die auch aus Schülerperspektive zu evaluieren (soweit dies möglich ist)",4,NA,NA,NA,NA,NA,NA,NA,NA,NA,NA,NA,NA,NA,NA,NA,NA,NA,NA
"53",421,"HE27HEO",30,3,NA,NA,NA,"Desinteresse am Lerngegenstand",4,2,4,1,3,3,1,1,3,1,2,1,1,3,2,NA,4,6,5,6,4,4,2,4,5,6,6,5,4,5,5,6,6,4,4,"zuhören - die Situation verstehen wollen","vom LAA/ von der LAA ausgehend beraten","Reflexivität anregen - Lösungsorientiert denken",4,3,3,3,3,3,3,2,3,3,3,3,3,3,3,3,3,2,55
"54",422,"GA25HEO",30,3,NA,NA,NA,"fehlender Gebrauchswert der Stunde für den SuS",1,2,4,1,1,1,1,2,1,1,1,1,3,1,4,NA,6,6,1,7,1,2,4,5,5,2,4,6,6,6,6,6,5,6,2,"gemeinsam mit LAA und Ausbildungslehrkraft überlegen, wie man den Gebrauchswert in der Stunde steigern/ transparent machen kann.","gemeinsam mit LAA und Ausbildungslehrkraft überlegen, welche Möglichkeiten des gibt, um die Aufmerksamkeit des Schülers zu fokussieren.","",3,3,2,4,3,4,3,2,2,3,3,4,3,4,4,4,4,1,38
"55",424,"ML03FVD",11,NA,NA,NA,NA,"",NA,NA,NA,NA,NA,NA,NA,NA,NA,NA,NA,NA,NA,NA,NA,NA,NA,NA,NA,NA,NA,NA,NA,NA,NA,NA,NA,NA,NA,NA,NA,NA,NA,NA,NA,"","","",NA,NA,NA,NA,NA,NA,NA,NA,NA,NA,NA,NA,NA,NA,NA,NA,NA,NA,NA
"56",425,"ER19JUD",30,1,NA,NA,NA,"Schwierigkeiten in der Beziehungsebene zwischen LAA und Schülern",2,4,3,1,1,1,1,3,1,1,1,1,1,4,1,NA,4,6,5,7,2,4,5,5,6,3,6,6,6,6,4,6,6,5,6,"evidenzbasiertes Material zur Beseitigung der Störungen bereitstellen","","",3,4,3,4,3,4,4,4,4,4,4,4,4,4,4,4,4,2,64
"57",426,"IR27NOL",30,2,NA,NA,NA,"unklare Aufgabenstellung",3,2,4,1,1,3,1,1,3,1,1,1,1,4,1,NA,5,6,3,7,1,1,5,6,NA,1,4,5,4,4,2,6,6,NA,3,"den/die LAA auffordern, in verschiedene Perspektiven der SuS zu schlüpfen. ","vorschlagen, dass der/die LAA überlegt, was er/sie hätte tun können, damit noch weniger SuS arbeiten (Kopfstandmethode). ","",3,4,3,3,3,4,4,4,4,4,4,3,3,3,3,3,4,1,35
"58",427,"EL22FRO",30,2,NA,NA,NA,"Desinteresse",3,4,4,1,1,2,2,2,2,1,2,1,1,2,1,NA,3,4,4,7,6,5,6,6,5,4,3,1,2,6,2,6,5,1,5,"","","",4,4,4,4,3,4,4,3,4,4,3,4,4,4,4,4,4,1,NA
"59",428,"HE21HEH",30,2,NA,NA,NA,"Der Arbeitsauftrag wurde unklar gestellt, Zielsetzung, Zeitrahmen und Beurteilungskriterien nicht mit den Schülerinnen und Schülern thematisiert.",3,2,2,1,2,1,1,3,1,1,2,1,2,4,2,NA,6,5,5,5,3,5,6,6,6,4,4,4,NA,5,2,6,6,6,4,"","","",4,4,3,4,4,4,4,4,4,4,4,4,3,4,4,4,4,1,61
"60",429,"EL22HOB",30,3,NA,NA,NA,"Die bereits bestehende Unruhe in der Stunde ",1,1,2,1,1,1,1,1,1,1,1,1,2,2,2,NA,4,7,4,7,1,1,5,5,5,1,1,5,5,5,4,5,5,5,5,"Unterrichtsvideografie","Schülerfeedback - Fragebögen","",3,4,3,3,4,3,4,3,3,4,3,3,3,3,3,3,4,2,43
"61",430,"UR09GEW",30,3,NA,NA,NA,"Es ist absurd, nach einer Ursache für eine komplexe Situation zu fragen, wenn man von dieser Situation nur viereinhalb Zeilen kennt.",NA,NA,NA,NA,NA,NA,NA,NA,NA,NA,NA,NA,NA,NA,NA,NA,NA,NA,NA,NA,2,4,2,5,5,2,5,5,5,5,2,6,6,5,3,"vor allem hören wollen, was der LAA über die Situation und ihre Ursachen denkt","vom LAA hören wollen, welche Einflussmöglichkeiten er/sie selbst sieht","eigene Hypothesen äußern und dazu um eine Stellungnahme bitten",NA,4,4,4,3,4,4,4,3,3,2,3,4,4,4,4,4,2,61
"62",431,"ER23WIB",17,1,NA,NA,NA,"Beziehungsaufbau nicht gelungen ggf. ",2,2,2,1,1,1,1,1,1,1,1,1,1,2,1,NA,4,6,1,7,1,1,1,6,6,1,6,6,6,6,6,6,6,6,1,"","","",4,NA,NA,NA,NA,NA,NA,NA,NA,NA,NA,NA,NA,NA,NA,NA,NA,NA,NA
"63",432,"BO14HGB",30,2,NA,NA,NA,"Transparenz für den Arbeitsauftrag fehlt: Wozu ist er nötig? Wohin soll er führen?",1,2,4,1,1,1,1,1,4,1,1,1,1,4,1,NA,5,7,1,7,2,2,4,6,4,1,6,6,4,4,3,4,4,4,4,"durch gezieltes Fragen eine Selbsterkenntnis herbeiführen wollen","die/den LAA entwickeln lassen, welche Handlungsoptionen es beim  nächsten Mal gibt","die Situation als Erfahrungskrise (nach Junghans) identifizieren und den/die LAA daraus eine Entwicklungsaufgabe ableiten lassen",4,3,3,4,4,3,3,4,4,3,3,3,4,4,3,4,4,2,61
"64",433,"MA17HEM",30,3,NA,NA,NA,"Der Schüler interessiert sich nicht für den Unterricht.",5,3,5,NA,NA,NA,NA,NA,5,NA,NA,NA,NA,3,2,NA,4,6,5,6,2,2,1,6,5,1,6,6,4,6,6,6,6,6,NA,"den/ die LAA bitten die Situation zu reflektieren und mit ihr/ ihm überlegen wie man mit der Situation umgehen kann.","die/ den LAA fragen, wie sie/er die Unterrichtsstörung gedeutet und wahrgenommen hat","gemeinsam mit LAA überlegen,  ob es alternative Deutungsmuster geben kann ",3,4,4,4,3,4,3,3,4,4,4,4,4,4,4,4,4,1,53
"65",434,"KA06EKH",30,3,NA,NA,NA,"entwicklungspsychologische Aspekte von Kindern und Jugendlichen",3,1,4,1,1,3,1,1,3,1,2,1,1,4,1,NA,3,6,2,5,1,5,5,6,6,3,1,5,5,2,5,6,6,6,5,"der LAA mitteilen, dass Unterrichtsstörungen normal sind.","das US multikausal sind.","",5,4,4,4,4,4,4,3,3,4,4,4,4,4,4,3,4,2,50
"66",435,"VE25GEE",30,2,NA,NA,NA,"Unverbindlichkeit von Arbeitsaufträgen, die die LAA ausstrahlt.",NA,3,2,1,2,1,1,3,1,1,1,1,1,4,1,NA,6,6,6,6,1,NA,5,5,5,5,1,5,1,NA,2,6,6,4,5,"","","",2,4,3,4,4,3,4,4,4,4,3,3,4,4,4,4,4,1,55
"67",436,"MO13HAL",30,2,NA,NA,NA,"Der Arbeitsauftrag ist vielleicht nicht transparent und verständlich genug, zusätzlich ist der Arbeitsauftrag vielleicht wenig motivieren und herrausfordend",2,3,4,1,1,1,1,3,2,1,1,1,2,5,2,NA,6,5,3,7,2,2,2,5,5,2,6,6,4,5,5,5,6,6,3,"die LAA nach der eigenen Analyse fragen","zusammen mit der LAA überlegen, wie diese Situation beim nächsten Mal anders gemacht werden kann und Alternativen sammeln","gmeinsam mit der LAA arbeiten und sie in den positiven Dingen stärken",3,4,3,4,3,3,2,3,3,3,3,3,4,4,4,3,4,1,39
"68",437,"MA31ALG",30,2,NA,NA,NA,"Motivation",4,1,4,1,1,1,1,1,1,1,1,1,1,4,1,NA,5,5,5,7,1,3,1,5,6,2,6,6,6,4,5,4,6,4,1,"gemeinsam mit der LAA nach Gründen für die Störung suchen.","gemeinsam mit der LAA überlegen, wie die Planung zu verändern ist, damit alle arbeiten (Ziel, Thema, Methode,...)","",4,4,4,4,4,4,4,3,3,3,3,3,3,3,3,3,3,1,58
"69",438,"UT30GÜE",30,2,NA,NA,NA,"fehlende Erfahrung im Umgang mit Störungen",1,2,5,1,1,1,1,1,1,1,1,1,1,1,1,NA,4,5,4,4,1,1,1,1,4,4,1,4,4,4,1,4,5,3,1,"die Rolle der/des LAA als lernende Person hervorheben","","",5,4,4,4,2,4,3,3,3,4,4,4,3,3,4,2,4,2,36
"70",439,"MO13HAH",30,2,NA,NA,NA,"Diese  Frage ist mit diesem Informationsstand nicht seriös zu beantworten. Ich kann also lediglich raten, dass es an einer unzureichenden Beziehung zwischen dem Lehrkörper und den SuS liegt. ",1,3,4,1,3,1,1,3,1,1,2,1,2,4,2,NA,4,6,6,5,1,1,4,6,6,6,6,6,6,6,2,6,6,6,5,"ggf. trösten","über weitere (schulische) Unterstützungsmöglichkeiten reden","",2,4,4,4,2,4,4,2,3,4,4,4,3,4,4,2,4,2,40
"71",440,"CL09GEN",30,2,NA,NA,NA,"Fehlende Passung - Arbeitsauftrag ist für SuS nicht relevant, erkennen Zusammenhang zwischen Gegenstand und Arbeitsauftrag nicht; evtl. Störung der Beziehung innerhalb der Lerngruppe oder zwischen Lerngruppe und LiA",1,4,4,1,2,1,1,3,3,1,1,1,1,4,3,NA,5,4,4,6,1,1,3,2,6,4,5,6,6,6,2,5,6,5,4,"Entwicklungsziel formulieren, 5-Schritt Entwicklungsmodell von C. Junghans oder ALACT Modell anbieten","Ressourcen aktivieren","",1,4,3,4,3,3,4,4,4,4,3,4,4,4,4,3,4,2,39
"72",441,"GE09HAL",4,NA,NA,NA,NA,"",NA,NA,NA,NA,NA,NA,NA,NA,NA,NA,NA,NA,NA,NA,NA,NA,NA,NA,NA,NA,NA,NA,NA,NA,NA,NA,NA,NA,NA,NA,NA,NA,NA,NA,NA,"","","",NA,NA,NA,NA,NA,NA,NA,NA,NA,NA,NA,NA,NA,NA,NA,NA,NA,NA,NA
"73",443,"RO20OTT",30,1,NA,NA,NA,"Die SuS sind mit anderen wichtigeren Themen beschäftigt.",1,1,5,3,1,4,1,1,3,1,1,3,1,5,1,NA,1,4,1,4,4,1,6,5,3,5,1,6,4,5,4,5,4,6,6,"Ich würde in erster Linie die LAA dazu motivieren, die Gründe - vor allem multiperspektivistisch für sich einzuordnen und zu reflektieren. Ich würde daran arbeiten, weitere Perspektiven bewusst zu machen. Mein Ziel wäre, dass die LAA selbst auf die Alternativen kommt und eigene Lösungen in der Reflexion entwickelt.","","",6,4,4,4,3,4,4,4,4,4,3,4,4,4,4,4,4,1,41
"74",444,"AL09KLB",7,NA,NA,NA,NA,"",NA,NA,NA,NA,NA,NA,NA,NA,NA,NA,NA,NA,NA,NA,NA,NA,NA,NA,NA,NA,NA,NA,NA,NA,NA,NA,NA,NA,NA,NA,NA,NA,NA,NA,NA,"","","",NA,NA,NA,NA,NA,NA,NA,NA,NA,NA,NA,NA,NA,NA,NA,NA,NA,NA,NA
"75",523,"GI02HAW",30,1,NA,NA,NA,"nicht genug Präsenz der LK",1,2,3,1,1,1,1,1,1,1,1,1,1,1,2,NA,6,7,6,7,1,1,3,6,6,5,6,6,6,6,6,6,6,6,5,"","","",NA,4,4,3,4,4,4,3,4,4,3,4,4,4,4,4,4,1,58
"76",446,"AN11BRP",24,2,NA,NA,NA,"Lernprozess",1,1,4,1,1,1,1,1,4,1,1,2,1,1,1,NA,4,5,1,6,1,2,2,4,5,3,6,5,3,4,2,4,6,4,3,"ausgehend von der Wahrnehmung der Referendarin die Nachbesprechung gestalten","Fragen stellen, um der Referendarin selbst die Möglichkeit zu geben, das Unterrichtsgeschehen einzuordnen und den BLick auf die Stunde zu ""erweitern"".","gemeinsam mit der Referendarin überlegen, welche Alternativen sie erkennt ggf. schon in der Planung überdacht hatte und für sie authentisch umsetzbar ist.",3,4,3,4,1,3,4,2,3,4,3,3,2,3,4,2,3,NA,NA
"77",447,"HI21WEH",30,1,NA,NA,NA,"Mangelnde Klarheit, Regeln, Ritualisierung",1,3,3,1,1,1,1,1,2,1,1,1,1,3,2,NA,5,5,4,5,1,1,4,4,5,2,5,5,5,5,3,5,6,6,4,"","","",4,3,3,4,2,3,3,1,3,3,3,3,3,3,3,3,3,2,59
"78",448,"MO14THM",30,2,NA,NA,NA,"Die Aufgabe ist nicht allen klar ",4,2,5,1,1,1,2,2,2,1,1,1,1,1,1,NA,4,6,5,5,1,5,5,6,5,6,4,6,4,6,2,6,6,6,5,"","","",3,4,4,4,4,4,4,3,4,3,4,4,3,4,4,4,4,1,36
"79",449,"MA08UWJ",30,3,NA,NA,NA,"",NA,2,4,1,2,1,2,2,1,1,2,1,1,4,1,NA,4,4,7,7,1,1,1,6,5,5,4,6,4,5,6,6,6,5,3,"","","",5,4,4,4,3,4,4,4,4,3,4,4,1,4,4,4,4,1,34
"80",450,"SI01WOL",30,1,NA,NA,NA,"Etablierung des Settings/classroom management/Transparenz: Ist jedem klar, was gerade geschehen SOLL?",2,2,5,1,1,1,1,1,2,1,1,1,1,4,1,NA,4,5,3,5,2,4,2,5,5,2,4,5,4,6,5,6,5,5,4,"einen Perspektivwechsel anregen - Was hat den SuS gefehlt, um sich auf die Stunde einlassen zu können?","","",3,4,3,3,3,4,4,2,3,3,4,4,3,4,4,4,4,2,42
"81",452,"CH22WOB",30,2,NA,NA,NA,"fehlende Transparenz - Klärung der Frage: Warum sollen wir das machen!",5,1,4,1,1,1,1,2,4,1,1,1,1,4,2,NA,5,6,4,5,2,2,5,5,4,5,5,6,5,6,5,6,6,6,5,"","","",4,4,3,4,4,4,4,4,4,4,4,4,4,4,4,4,4,2,56
"82",453,"KA23BEA",29,3,NA,NA,NA,"Mangelnde Motivation des Schülers",3,4,3,1,1,1,1,2,1,1,1,1,1,3,3,NA,4,6,5,6,1,4,6,6,6,5,1,6,5,5,1,5,6,5,5,"im Rahmen von CM über Prävention von U-Störungen sprechen","weitergehende Literaturempfehlungen geben","U-Störungen im Seminar thematisieren (anonym)",4,4,4,4,3,4,4,3,4,3,4,4,4,3,4,3,4,1,58
"83",454,"BR28JOH",30,3,NA,NA,NA,"kein gutes Classroom Management",2,2,4,1,2,2,1,2,3,1,2,1,1,5,2,NA,5,7,5,6,1,1,5,4,6,6,NA,NA,NA,NA,NA,NA,NA,NA,NA,"","","",NA,4,4,4,3,4,4,3,3,4,4,4,3,4,4,4,4,1,42
"84",455,"MA11KAB",30,1,NA,NA,NA,"Beziehung zwischen Lehrkraft und Lerngruppe ist gestört",1,4,4,1,4,1,1,2,5,1,2,1,1,5,2,NA,6,6,5,6,1,1,1,5,6,4,6,2,2,4,1,4,6,4,4,"gemeinsam mit LAA nach Ursachen suchen","Ausbildungslehrer in die Ursachensuche einbeziehen","mit LAA für ihn/sie geeignete Reaktionen diskutieren und erarbeiten ",3,4,3,4,2,4,3,2,3,3,4,3,3,3,4,3,3,2,56
"85",456,"MA01DIO",30,2,NA,NA,NA,"Die Erläuterungen waren wohmöglich zu komplex und umfassend, sodass sie entweder unklar und/oder demotivierend waren.",2,3,3,1,2,1,1,2,1,1,2,1,1,2,2,NA,6,7,4,7,1,1,5,6,6,2,5,5,3,6,6,6,6,6,2,"die Lehrkraft anregen, die Situation zu reflektieren."," die Lehrkraft anregen, eigene Ideen entwickeln.","",3,3,3,4,2,4,4,4,4,4,2,3,3,4,3,3,4,1,55
"86",457,"UR30GÜH",30,2,NA,NA,NA,"Haben die Lernenden den Sinn/Ziel der Aufgabe verstanden und wissen die Lernenden wie vorzugehen ist und wie man Unterstützung erhält.",1,1,4,1,1,2,1,1,4,1,1,2,1,5,2,NA,5,7,6,5,2,1,4,5,6,5,3,5,5,5,1,5,5,4,1,"","","",5,4,3,4,3,4,3,2,4,3,3,4,3,4,3,4,4,2,55
"87",458,"GI11MAB",30,1,NA,NA,NA,"LK wird nicht respektiert",1,3,2,1,1,1,1,2,2,1,1,1,1,2,1,NA,5,6,4,6,3,2,2,1,1,1,1,1,1,1,3,2,2,1,3,"","","",3,3,4,4,3,4,3,4,3,4,4,4,4,4,4,3,4,2,53
"88",459,"XX03XXB",30,1,NA,NA,NA,"Externe Gründe",1,1,3,1,1,1,1,2,1,1,2,1,1,1,1,NA,3,3,1,3,1,3,6,6,6,1,5,5,6,5,1,4,6,6,6,"","","",3,3,3,3,3,3,3,4,3,3,3,3,3,3,3,3,3,1,55
"89",461,"SO07MAN",12,2,NA,NA,NA,"die Lernaufgabe passt nicht zu den Lernvoraussetzungen  der SuS",NA,NA,NA,NA,NA,NA,NA,NA,NA,NA,NA,NA,NA,NA,NA,NA,NA,NA,NA,NA,NA,NA,NA,NA,NA,NA,NA,NA,NA,NA,NA,NA,NA,NA,NA,"","","",NA,NA,NA,NA,NA,NA,NA,NA,NA,NA,NA,NA,NA,NA,NA,NA,NA,NA,NA
"90",462,"HE31KLM",12,1,NA,NA,NA,"",NA,NA,NA,NA,NA,NA,NA,NA,NA,NA,NA,NA,NA,NA,NA,NA,NA,NA,NA,NA,NA,NA,NA,NA,NA,NA,NA,NA,NA,NA,NA,NA,NA,NA,NA,"","","",NA,NA,NA,NA,NA,NA,NA,NA,NA,NA,NA,NA,NA,NA,NA,NA,NA,NA,NA
"91",463,"GI16JOB",30,1,NA,NA,NA,"",1,3,3,1,2,1,3,3,1,2,NA,1,2,2,3,NA,5,6,5,6,2,3,4,5,5,2,3,4,4,5,4,5,5,4,5,"","","",4,4,4,4,3,3,4,3,3,3,3,3,4,3,3,2,4,2,43
"92",464,"GE21KLM",30,3,NA,NA,NA,"",NA,NA,4,NA,NA,NA,NA,NA,NA,NA,NA,NA,NA,NA,NA,NA,NA,NA,NA,NA,NA,NA,NA,NA,5,NA,NA,6,NA,NA,NA,NA,6,NA,NA,"gemeinsam mit der/m LAA mögliche Ursachen der Störung ergründen","den/die LAA dazu anregen, daraus entsprechende Handlungsoptionen zu entwickeln","den/die LAA dazu anregen, dabei (s.o.) Kenntnisse aus der Seminarausbildung zu berücksichtigen",NA,4,4,4,2,NA,NA,NA,3,NA,4,NA,NA,3,4,NA,4,2,NA
"93",465,"HI18FRH",30,3,NA,NA,NA,"kein bedeutsamer Lerngegenstand für den Schüler",1,2,4,1,1,1,1,1,1,1,1,1,1,5,1,NA,3,6,4,6,1,4,4,6,6,5,6,6,4,6,5,6,6,6,6,"den LAA bitten selber alternativen zu entwickeln","Kooperation mit anderen LAA anregen","eine kollegiale Fallberatung empfehlen",4,4,4,4,2,4,3,4,2,3,4,4,3,4,3,4,4,1,57
"94",466,"BA09ROD",30,1,NA,NA,NA,"Unklare Erwartungen auf beiden Seiten (Lehrer-Schüler)",2,2,4,1,1,1,1,2,2,1,1,1,1,4,1,NA,4,6,6,6,1,1,6,6,6,6,6,6,6,6,1,6,6,6,6,"","","",3,4,4,4,4,4,4,4,4,4,4,4,4,4,4,4,4,1,46
"95",467,"HE29WIR",30,2,NA,NA,NA,"Die SUS sind nicht hinreichend an der Formulierung der Aufgabenstellung und der Zielsetzung der Arbeit beteiligt.",4,1,4,1,1,1,2,1,4,1,1,1,1,4,1,NA,4,4,3,7,1,4,6,6,6,5,6,6,6,6,5,6,6,6,6,"","","",5,4,4,4,4,4,4,3,4,4,4,4,4,4,4,4,4,2,60
"96",468,"ER02KAH",30,1,NA,NA,NA,"Eine Diagnose ist aufgrund der kargen Beschreibung gar nicht möglich. ",5,4,5,2,2,4,3,3,3,3,3,3,4,4,3,NA,4,6,4,5,5,4,4,5,4,5,1,3,5,6,4,5,6,6,4,"Ich würde den LAA zunächst fragen, welche Beratungswünsche er hat. LAA als selbstreflektierter Praktiker.","Anschließend würde ich die Ursachen der Störung diagnostizieren - falls eine Beratung gewünscht wird.","Bedarfe erfragen - Materialien, ""Rezepte"" gebe ich nur, wenn dies ausdrücklich von mir gewünscht wird. ",NA,4,4,4,4,4,4,3,3,3,4,4,4,3,4,4,4,2,53
"97",469,"HE08PAA",10,NA,NA,NA,NA,"",NA,NA,NA,NA,NA,NA,NA,NA,NA,NA,NA,NA,NA,NA,NA,NA,NA,NA,NA,NA,NA,NA,NA,NA,NA,NA,NA,NA,NA,NA,NA,NA,NA,NA,NA,"","","",NA,NA,NA,NA,NA,NA,NA,NA,NA,NA,NA,NA,NA,NA,NA,NA,NA,NA,NA
"98",470,"AN23BEK",30,3,NA,NA,NA,"Ich kann dies Frage nicht beantworten, da ich den konstruierten Fall nicht nachvollziehen kann. Grundsätzlich diagnostiziere ich nach Beobachtung. Hier fehlen mir aber wichtige Hinweise im Vorfeld der Störung. sic.",2,2,4,1,1,1,1,1,2,1,1,1,1,3,1,NA,4,5,4,4,2,3,4,4,3,3,3,5,5,5,3,6,5,NA,2,"im KS dem LAA anbieten, dieses Thema an eine eigene Zielsetzung zu koppeln und dies in einem POBC zu bearbeiten","meine Beobachtung mit LAA austauschen, die Wahrnnehmungen vergleichen und dies als ein mögliches Thema zur Bearbeitung herausstellen","Ich würde zunächst mit LAA ermitteln, was die unterschiedlichen Dimensionen der Störung sind, dies mit den Lerninhalten aus KS abgleichen und gemeinsam ermitteln wo nUnterstützungsbedarfe leigen",4,4,4,4,4,4,4,4,4,4,4,4,4,4,4,4,4,2,56
"99",471,"LO20HEH",30,1,NA,NA,NA,"mangelnde Präsenz der Lehrkraft in der Lerngruppe",3,3,4,1,1,5,1,1,3,1,2,1,1,5,2,NA,6,7,6,6,1,1,6,6,5,1,6,6,6,6,2,6,6,6,2,"über Alternativen des Beginns sprechen, z.B. Rituale","verschiedene Positionen im Raum thematisieren","ermuntern sich bei Kolleg:innen über deren Rituale zu erkundigen",3,4,3,4,4,4,4,4,4,4,4,3,4,4,4,4,4,2,55
"100",472,"HE11KAK",30,3,NA,NA,NA,"Meist wird in diesen Situationen zu spät und mit unzureichender Klarheit reagiert",2,1,4,1,2,1,1,1,1,1,2,1,1,4,1,NA,5,7,3,7,2,1,6,6,5,4,6,6,6,6,1,6,6,6,4,"die Ausbildungslehrkraft einbeziehen","ein Repertoire entwickeln, um vielfältige Interventionsmöglichkeiten sichtbar zu machen","ggf. ein Coaching (auch mit Hospitation) anbieten",5,4,3,4,3,4,4,4,4,4,3,4,4,4,4,4,4,2,55
"101",473,"BR12DIK",12,3,NA,NA,NA,"",NA,NA,NA,NA,NA,NA,NA,NA,NA,NA,NA,NA,NA,NA,NA,NA,NA,NA,NA,NA,NA,NA,NA,NA,NA,NA,NA,NA,NA,NA,NA,NA,NA,NA,NA,"","","",NA,NA,NA,NA,NA,NA,NA,NA,NA,NA,NA,NA,NA,NA,NA,NA,NA,NA,NA
"102",474,"KÄ09TRA",7,NA,NA,NA,NA,"",NA,NA,NA,NA,NA,NA,NA,NA,NA,NA,NA,NA,NA,NA,NA,NA,NA,NA,NA,NA,NA,NA,NA,NA,NA,NA,NA,NA,NA,NA,NA,NA,NA,NA,NA,"","","",NA,NA,NA,NA,NA,NA,NA,NA,NA,NA,NA,NA,NA,NA,NA,NA,NA,NA,NA
"103",475,"EV03PES",9,NA,NA,NA,NA,"",NA,NA,NA,NA,NA,NA,NA,NA,NA,NA,NA,NA,NA,NA,NA,NA,NA,NA,NA,NA,NA,NA,NA,NA,NA,NA,NA,NA,NA,NA,NA,NA,NA,NA,NA,"","","",NA,NA,NA,NA,NA,NA,NA,NA,NA,NA,NA,NA,NA,NA,NA,NA,NA,NA,NA
"104",406,"LI04ERW",30,3,NA,NA,NA,"Desinteresse, da den Schüler gerade andere Dinge beschäftigen",4,1,5,1,1,1,1,1,4,1,1,1,1,5,2,NA,4,5,2,6,1,1,1,6,6,1,6,6,6,6,1,6,6,6,1,"gemeinsam mit der/dem LAA nach möglichen Gründen für das Verhalten des Schülers suchen","fragen, ob das Verhalten des Schülers einem Muster entspricht oder ob es punktuell aufgetreten","je nach Ursache(n) gemeinsam mit der/dem LAA Präventionsmöglichkeiten/Reaktionsmöglichkeiten erörtern ",NA,4,4,4,3,4,3,1,3,3,3,3,4,4,4,4,4,1,56
"105",477,"HE13ARA",30,3,NA,NA,NA,"Beziehung stimmt nicht",1,2,4,1,1,1,1,2,1,1,1,1,2,3,2,NA,5,7,7,6,1,1,5,5,1,1,1,6,4,5,1,6,5,4,5,"Coachingtermin  anbieten","Erfahrungsaustausch im  Kernseminar anregen","",5,4,3,4,4,4,4,4,4,3,4,4,4,4,4,4,4,1,61
"106",478,"ME15NOR",30,2,NA,NA,NA,"Schülerinnen und Schüler haben die Aufgabenstellung nicht verstanden.",2,4,4,1,5,3,1,5,2,1,4,1,4,3,4,NA,4,6,6,7,1,5,2,6,6,1,3,5,5,6,5,6,6,6,4,"mit anderen LAA des gleichen Förderchwerpunktes vernetzen","","",3,4,4,4,3,4,4,3,4,4,3,4,3,4,4,4,4,1,56
"107",481,"DA27LOK",30,1,NA,NA,NA,"SuS-L-Beziehung (noch) nicht gut",5,3,5,1,1,4,1,1,4,1,1,1,1,5,1,NA,4,4,7,7,5,6,6,6,6,6,4,6,5,6,6,6,6,6,6,"Von einer eigenen ähnlichen Situation berichten","Auf das defizitäre Bildungssystem eingehen","Sagen, dass Fehler o. Ä. Uns alle weiterbringen ",3,4,4,4,4,4,4,4,4,4,4,4,3,4,4,4,4,NA,54
"108",482,"RO04HAM",30,1,NA,NA,NA,"Autorität der Lehrkraft",4,3,4,1,1,1,1,2,1,1,1,1,2,4,1,NA,5,6,6,6,1,2,5,5,6,4,6,5,5,6,2,5,6,6,5,"","","",4,4,4,4,3,3,4,3,4,4,4,4,4,4,4,4,4,2,42
"109",483,"MA28WIG",30,2,NA,NA,NA,"keine Antwort möglich",4,1,5,2,1,4,1,1,4,1,1,3,1,5,1,NA,NA,NA,NA,NA,1,1,1,3,2,1,4,2,4,4,2,4,6,3,5,"den / die Ref. ihre Beobachtung der Situation schildern lassen - und ggf. meine Beobachtung / die der Ausbildungslehrkraft daneben legen ","gemeinsam mit der / dem Ref. multiperspektivisch Deutungsmöglichkeiten der Situation erarbeiten, mögliche Ursachen erforschen, diese gegeneinander abwägen","gemeinsam mit dem / der Ref. Handlungsalternativen für diese Situation erarbeiten - und einen Transfer in eine allgemeine Zielsetzung zur Weiterentwicklung versuchen",5,4,4,4,3,3,4,3,3,3,2,4,4,4,3,4,4,1,52
"110",484,"MA17JOK",10,NA,NA,NA,NA,"",NA,NA,NA,NA,NA,NA,NA,NA,NA,NA,NA,NA,NA,NA,NA,NA,NA,NA,NA,NA,NA,NA,NA,NA,NA,NA,NA,NA,NA,NA,NA,NA,NA,NA,NA,"","","",NA,NA,NA,NA,NA,NA,NA,NA,NA,NA,NA,NA,NA,NA,NA,NA,NA,NA,NA
"111",486,"KA28HAG",30,1,NA,NA,NA,"Erfahrung der SuS mit dem Lehramtsanwärter",1,4,5,1,1,1,1,1,1,1,1,1,2,5,2,NA,4,5,5,4,1,4,3,6,6,6,6,6,6,6,1,6,6,6,4,"","","",3,3,3,3,3,4,4,4,4,4,4,4,4,4,4,4,4,2,43
"112",487,"HI08JOM",30,1,NA,NA,NA,"Interaktionsprobleme",2,3,3,1,3,1,1,4,1,1,3,1,2,3,3,NA,4,2,4,6,3,2,5,5,5,5,5,6,5,6,2,6,6,6,5,"die Rahmenbedingungen klären und möglichst klar Ursachen aufdecken","","",2,3,4,4,3,3,3,3,3,3,3,3,2,3,3,4,4,2,63
"113",489,"BE31EGG",30,2,NA,NA,NA,"",4,1,1,1,1,1,1,1,1,1,1,1,1,1,1,NA,4,4,4,4,1,1,1,6,6,1,1,3,6,6,1,6,6,6,1,"","","",5,4,4,4,4,4,3,3,3,3,3,4,3,4,4,4,4,2,48
"114",490,"HI30DIP",30,3,NA,NA,NA,"Gestörte Beziehung ",3,4,4,1,2,1,1,4,1,1,1,1,2,4,4,NA,4,4,4,4,3,3,5,6,6,5,5,5,6,6,6,5,5,5,2,"","","",4,3,3,3,2,2,2,2,3,3,3,3,4,4,4,4,4,2,48
"115",491,"MA14HEW",30,3,NA,NA,NA,"Es gibt nicht nur eine Ursache",3,1,5,1,1,1,1,1,3,1,1,1,1,5,2,NA,4,5,5,5,1,3,2,5,3,2,6,6,6,6,3,5,6,6,2,"Ich würde ein POB-C zum Thema anbieten","","",NA,4,4,4,3,3,3,4,4,2,2,4,3,4,4,4,4,1,60
"116",492,"RE21HAE",30,2,NA,NA,NA,"Vermutlich ist der Arbeitsauftrag nicht präzise formuliert (insb. in den Fremdsprachen problematisch). Es könnte aber auch eine zu geringe Transparenz und Relevanz der Aufgabe für die SuS vorliegen - das lässt sich aus diesem Ausschnitt nicht beurteilen",5,1,4,1,1,1,1,1,1,1,1,1,1,4,1,NA,6,6,2,6,5,3,2,6,6,5,6,6,6,6,5,6,6,6,5,"das Problem gemeinsam mit anderen LAA im Seminar besprechen bzw. Peer-Coaching anregen, bei dem andere LAA des FS eine Rückmeldung zu dem Problem geben und Vorschläge zur Lösung anbieten ","","",5,4,4,4,3,4,4,4,4,3,4,4,3,4,4,4,4,2,53
"117",494,"EL05GÜA",13,2,NA,NA,NA,"kann pauschal nicht beantwortet werden, da zu komplex und zu individuell",4,1,4,1,1,1,1,1,4,1,1,1,1,3,1,NA,4,4,4,4,NA,NA,NA,NA,NA,NA,NA,NA,NA,NA,NA,NA,NA,NA,NA,"","","",NA,NA,NA,NA,NA,NA,NA,NA,NA,NA,NA,NA,NA,NA,NA,NA,NA,NA,NA
"118",495,"ER15REA",30,1,NA,NA,NA,"kurze Aufmerksamkeitsspanne der Lerngruppe",1,3,4,1,1,1,1,2,1,1,1,1,1,4,2,NA,4,4,1,6,NA,1,1,6,5,6,6,6,5,6,6,6,6,4,4,"","","",NA,4,4,4,3,4,3,3,3,4,4,4,4,4,4,4,4,2,47
"119",496,"GI29NOV",7,NA,NA,NA,NA,"",NA,NA,NA,NA,NA,NA,NA,NA,NA,NA,NA,NA,NA,NA,NA,NA,NA,NA,NA,NA,NA,NA,NA,NA,NA,NA,NA,NA,NA,NA,NA,NA,NA,NA,NA,"","","",NA,NA,NA,NA,NA,NA,NA,NA,NA,NA,NA,NA,NA,NA,NA,NA,NA,NA,NA
"120",497,"HI09WAW",30,2,NA,NA,NA,"Sofern diese Frage ohne Kenntnis des Kontextes beantwortbar ist: Wenn der Arbeitsauftrag als bloß abzuarbeitender vorgegeben wird, fehlt die inhaltliche Motivation zur Bearbeitung.",1,3,3,1,1,1,1,2,1,1,1,1,1,3,1,NA,6,7,1,6,4,2,4,5,5,1,6,4,5,5,1,6,6,5,4,"den Gedankengang des Unterrichtsgesprächs aus der Perspektive des Kurses rekonstruieren.","die Referendarin/den Referendar anregen, alternative Handlunsgmöglichkeiten zu entwerfen.","die Referendarin/den Referendar den Gedankengang des Unterrichtsgesprächs aus eigener Perspektive und aus der Perspektive der Lernenden rekonstruieren lassen.",2,4,4,4,3,3,3,4,4,4,4,3,3,4,4,4,4,2,65
"121",499,"TH09BES",30,2,NA,NA,NA,"Arbeitsauftrag ist zu komplex / unklar/ nicht motivierend / nicht sinnvoll in ein Thema eingebunden / ...",1,1,3,1,1,1,1,2,1,1,1,1,1,4,1,NA,6,7,3,6,1,3,1,6,6,2,1,4,4,5,1,5,6,5,2,"","","",3,4,4,4,3,3,4,4,3,4,3,3,4,4,4,4,4,1,57
"122",500,"GE22KAH",30,3,NA,NA,NA,"Mangelnde Motivation",1,3,4,2,1,3,1,3,3,1,2,1,2,5,3,NA,4,4,4,6,1,1,4,5,5,2,5,6,5,5,5,6,6,6,5,"","","",4,4,4,3,3,4,4,2,3,4,4,4,3,4,4,3,4,2,40
"123",501,"AN06DIH",30,2,NA,NA,NA,"Sinnhaftigkeit der Aufgabe unklar",2,4,4,1,1,1,1,2,1,1,1,1,1,1,2,NA,4,5,5,6,2,3,6,6,5,3,6,6,3,6,4,5,6,6,4,"konkret fragen, was die/der LAA braucht","","",5,4,4,4,3,4,4,3,3,4,4,4,4,4,4,4,4,1,37
"124",503,"IN01ERC",13,2,NA,NA,NA,"Unklare Kommunikation bzw. Auftrag",4,4,5,4,3,NA,2,3,3,1,2,2,2,4,3,NA,2,4,3,4,NA,NA,NA,NA,NA,NA,NA,NA,NA,NA,NA,NA,NA,NA,NA,"","","",NA,NA,NA,NA,NA,NA,NA,NA,NA,NA,NA,NA,NA,NA,NA,NA,NA,NA,NA
"125",505,"RU06GUW",30,2,NA,NA,NA,"Störung der Beziehungsebene L-SuS",1,1,4,1,1,3,1,1,2,1,2,1,1,4,2,NA,2,4,5,7,1,1,2,6,5,6,6,6,5,6,2,6,6,3,3,"","","",3,4,4,4,3,4,3,4,3,4,2,4,4,4,4,4,4,1,65
"126",506,"MA14KAT",30,1,NA,NA,NA,"Akzeptanz der Lehrkraft",3,3,4,1,1,1,1,2,2,1,2,1,1,4,2,NA,3,5,5,5,1,1,4,5,5,3,1,5,4,6,4,6,5,5,4,"Ursachen ergründen","nicht personifizieren","",4,4,4,3,3,3,4,3,3,3,4,4,4,4,4,3,4,2,54
"127",507,"EL08JÜH",30,1,NA,NA,NA,"fehlende Ritualisierung, Arbeitskultur",4,3,3,3,1,1,1,1,1,1,1,1,1,4,2,NA,4,4,5,4,1,3,1,5,5,2,5,5,5,5,5,5,5,6,2,"","","",3,3,3,4,3,3,4,3,4,4,4,4,4,4,4,3,2,2,45
"128",508,"RI07JUH",30,3,NA,NA,NA,"individuelle Aufsässigkeit eines Schülers der in seiner Situation als 9.-Klässler Autoritäten in Frage stellt und das vielleicht sogar absichtlich im UB macht",1,4,4,1,3,1,1,1,1,1,2,1,1,3,1,NA,2,2,1,3,1,1,4,6,3,3,3,5,5,5,1,5,5,6,5,"die Psychologie des Jugendalters besprechen","der besuchten Person erläutern dass ein beobachtete Phänomen viele Gründe haben kann und dass eine Eizelbeobachtung keine Prägung eines Bildes dieser Person ist und wir nicht wegen, aber trotz dieser Störung auch über Unterrichtsstörungen sprechen können und erkläre Möglichkeiten auf die gegebene Störung einzugehen, ohne dass dabei das Gefühl entsteht, dass eine Fehlreaktion oder eine Überforderung vorlag","die Lehramtsanwärterin oder den Lehramtsanwärter als erstes fragen ob Unterrrichtsstörungen Probleme sind, die er über diese heute beobachtete Situation hinaus in seiner Selbsteinschätzung als Problem ansieht und es für relevant hält daran zu arbeiten; dabei würde ich deutlich machen, dass ich nur einen Ausschnitt aus Unterricht sehe, er aber selber ja uns beiden sagen kann, ob es ein Punkt für die Selbstprofessionalisierung wäre",4,4,4,4,3,3,4,1,3,4,4,4,4,4,4,4,4,2,54
"129",509,"DA20WOW",9,NA,NA,NA,NA,"",NA,NA,NA,NA,NA,NA,NA,NA,NA,NA,NA,NA,NA,NA,NA,NA,NA,NA,NA,NA,NA,NA,NA,NA,NA,NA,NA,NA,NA,NA,NA,NA,NA,NA,NA,"","","",NA,NA,NA,NA,NA,NA,NA,NA,NA,NA,NA,NA,NA,NA,NA,NA,NA,NA,NA
"130",511,"XX13XXW",30,1,NA,NA,NA,"Das ist für mich auf Grund der dargestellten Szene nicht einschätzbar.. Im Gespräch mit Lehrkraft und Mentorin können mögliche Ursachen bedacht werden",1,1,4,1,1,1,1,1,3,1,1,1,1,3,1,NA,4,4,4,4,1,4,5,5,5,4,6,6,5,5,5,6,6,4,5,"","","",3,4,4,4,3,4,3,3,4,4,4,4,4,4,4,4,4,1,57
"131",512,"CH26JÜW",4,NA,NA,NA,NA,"",NA,NA,NA,NA,NA,NA,NA,NA,NA,NA,NA,NA,NA,NA,NA,NA,NA,NA,NA,NA,NA,NA,NA,NA,NA,NA,NA,NA,NA,NA,NA,NA,NA,NA,NA,"","","",NA,NA,NA,NA,NA,NA,NA,NA,NA,NA,NA,NA,NA,NA,NA,NA,NA,NA,NA
"132",513,"UT27JÜA",30,2,NA,NA,NA,"Die SuS fühlen sich von Thema und Inhalt der Aufgabe nicht ausreichend ""angesprochen"" (Bezug Lebenswirklichkeit)",2,4,2,1,1,1,2,2,1,1,1,1,1,5,2,NA,5,7,4,7,1,2,1,5,5,2,1,3,5,6,3,6,6,6,5,"die individuellen Hintergründe sowie Lernvoraussetzungen der SuS erfragen.","die Beweggründe, warum dieser Lernschwerpunkt ausgewählt wurde.","alternative Handlungskonsequenzen erfragen bzw. gemeinsam erarbeiten.",4,3,3,3,2,3,2,3,2,3,3,3,3,3,3,3,4,1,52
"133",514,"RO20GEW",30,1,NA,NA,NA,"S-L Beziehung",1,4,4,1,1,1,1,4,1,1,1,1,2,4,4,NA,4,6,1,5,1,1,5,5,5,5,5,6,4,5,5,6,NA,5,4,"","","",4,3,3,4,3,4,4,3,3,3,3,3,4,4,4,4,4,1,54
"134",510,"MO21WOH",30,1,NA,NA,NA,"Die SuS sind an anderen Dingen interessiert bzw. damit beschäftigt, der Lehrkraft ist es nicht gelungen, das Interesse und die Arbeitsbereitschaft der Mehrheit der Klasse zu wecken. ",1,2,NA,NA,2,NA,1,1,NA,NA,1,1,NA,NA,NA,NA,5,5,4,7,3,5,5,6,6,6,6,6,6,6,4,5,6,6,4,"MIT dem LAA konkrete Ideen und Planungsschritte für die nächsten Stunden entwickeln","Dem LAA zum kollegialen Austausch mit anderen Lehrkräften der Klasse raten","Dem LAA empfehlen, in derselben Lerngruppen in anderen Fächern und bei anderen Lehrkräften zu hospitieren",3,4,3,3,2,3,3,4,4,4,3,3,2,3,3,3,3,1,57
"135",519,"KI23ALK",30,2,NA,NA,NA,"Die SuS haben den Arbeitsauftrag und den Sinn des Arbeitsauftrags nicht erfasst.",1,4,4,1,2,1,1,4,1,1,3,1,4,1,4,NA,6,6,5,7,3,2,2,4,6,6,5,5,6,5,3,5,6,5,5,"","","",2,4,3,4,4,4,3,2,3,4,4,3,2,4,3,3,4,1,55
"136",520,"KA21MAN",30,1,NA,NA,NA,"",NA,NA,5,NA,NA,NA,NA,NA,NA,NA,NA,NA,NA,NA,NA,NA,NA,NA,NA,NA,NA,NA,NA,6,6,NA,6,6,NA,6,NA,6,6,6,NA,"","","",NA,4,4,4,4,4,4,4,4,4,4,4,NA,4,4,4,4,2,NA
"137",521,"UR12ADO",30,2,NA,NA,NA,"Die Bedeutsamkeit der Lernaufgabe ist für die Lernenden nicht einsichtig und transparent.",3,1,3,1,1,1,1,1,1,1,1,1,1,1,1,NA,5,4,1,7,1,1,3,6,6,3,6,5,4,6,1,6,6,5,5,"über Möglichkeiten und Effekte der kognitiven Aktivierung sprechen","über die Bedeutung und Effekte kooperativen Lernens ins Gespräch kommen","ggf. über Prävention von Störungen sprechen",3,4,3,4,NA,4,4,4,3,4,4,4,4,4,4,3,4,1,54
"138",522,"UR29HEB",30,1,NA,NA,NA,"Die Lehrkraft verfügt noch nicht über die notwendigen Erfahrungen, Ressourcen und Routinen, um hier situativ und wirksam handeln zu können.",4,2,4,1,1,1,1,2,1,1,1,1,1,5,1,NA,5,6,1,7,1,1,5,6,2,2,2,6,4,4,1,6,5,3,6,"die lehrkraft beschreiben lassen, wie sie die Situation wahrgenommen hat und welche Gedanken ihr durch den Kopf gegangen sind.","erfragen, ob dies eine wiederkehrende Situation ist oder hier erstmalig aufgetreten ist.","vereinbaren, bei Hospitationen zu beobachten, wie Kolleg:innen erfolgreich mit vergleichbaren Situationen umgehen.",3,4,3,4,4,4,4,3,3,4,4,4,4,4,4,4,4,1,63
"139",524,"MI07ENL",30,3,NA,NA,NA,"Regeln und Rituale sind nicht klar, bei vermutlich gleichzeitigem inkonsequenten Umgang mit Interventionen durch LAA",3,2,5,1,1,1,1,2,4,1,1,3,1,5,1,NA,6,6,6,7,1,1,6,6,6,4,6,6,6,6,5,6,6,6,6,"Die Gründe genauestens erörtern, woran man erkennt, dass die Störung stattgefunden hat.","Alternative Verhaltensweisen und Handlungsoptionen erarbeiten unter Berücksichtigung der Erkenntnisse in 1.","Ganz klar vermitteln, dass man Unterrichtsstörungen durch relativ einfache pädagogische Maßnahmen schnell in den Griff bekommt (Regeln einführen und konsequent durchsetzen, nicht über SuS hinwegsprechen, Classroom Management optimieren, …) und Zuversicht geben.",6,4,4,4,3,4,4,3,3,4,4,4,4,4,4,4,4,2,43
"140",557,"RO09JOH",30,3,NA,NA,NA,"unzureichende Führung der Lerngruppe",5,2,4,1,1,1,1,2,4,1,2,1,1,5,2,NA,5,6,1,7,1,1,3,6,6,2,1,6,6,6,1,6,6,6,2,"zur Selbstreflexion anregen.","zu Alternativen anregen.","zum Ausprobieren von Alternativen ermutigen.",3,4,4,4,4,4,4,3,3,4,4,4,3,4,4,4,4,2,58
"141",527,"GE31JÜR",30,3,NA,NA,NA,"Classroommanagement",1,2,5,1,1,1,1,1,1,1,1,1,1,1,1,NA,4,7,1,7,4,4,2,5,4,4,1,6,5,6,5,6,6,6,2,"","","",4,4,4,4,4,4,4,2,3,4,4,4,4,4,4,4,4,2,49
"142",528,"UL03HAH",30,1,NA,NA,NA,"LAA ist überfordert mit der Situation/Lerngruppt; oft ein Spiegel des Alltagsunterrichts; Es fehlt an Strategien: Classroommanagement , Konfliktmanagement etc.",5,5,5,1,1,1,2,5,4,1,1,1,1,5,2,NA,5,7,5,6,1,1,6,6,6,3,6,5,6,6,1,5,6,6,5,"Rudi Rhode empfehlen ""Wennn Nervensägen an unseren Nerven sägen"" und dazu Rollenspiele machen","Präventive Strategien erarbeiten","Hospitationen anraten und schulkonzeptionell arbeiten, wenn es eine Brennpunktschule ist",4,4,4,4,4,4,4,4,3,4,4,4,3,4,4,4,4,1,61
"143",529,"HE12REZ",30,3,NA,NA,NA,"Haltung des Kindes",2,1,5,1,2,3,1,1,3,1,3,1,1,5,1,NA,4,7,7,5,1,1,5,5,5,2,3,6,3,4,1,5,6,6,2,"fragen, was sie/ er über die Situation denkt odr weiß","fragen, ob es schon Interventionen gab, welche?","sagen, wie das Verhalten des Kindes und der/ des LAA auf mich gewirkt hat",3,4,3,4,2,3,2,4,3,3,2,2,4,4,3,3,4,1,54
"144",530,"GI13HEO",30,2,NA,NA,NA,"gestörtes Verhältnis LAA-Klasse",NA,2,NA,NA,NA,NA,NA,2,NA,NA,NA,NA,2,NA,NA,NA,3,5,5,7,1,1,3,NA,4,4,5,4,2,4,1,2,6,6,3,"versuchen zu eruieren, ob es Konflikte vorab zwischen Lerngruppe und LAA gab","","",3,3,3,4,3,4,4,1,3,3,4,4,2,3,4,3,3,1,53
"145",531,"HE05HAB",30,3,NA,NA,NA,"Der Schüler fordert Aufmerksamkeit bei seinen Mitschülern ein. Der Unterricht ist ihm in diesem Moment egal. Er hat noch keine Wege  oder Strategien gefunden, Reize, die ihn ablenken, bzw. nicht zum Unterricht zurückkehren zu lassen zu unterdrücken (Inhibition).",4,1,5,1,2,3,1,1,4,2,3,1,1,5,2,NA,4,7,5,6,4,1,6,5,4,2,4,6,3,5,1,5,6,6,5,"darauf hinweisen, das störungsfreier Unterricht eine Fiktion ist.","den Umgang mit Unterrichtsstörungen in präventive und situative Interventionen aufteilen. Das Wegsetzen war eine nötige Intervention (positive Rückmeldung), um die  anderen SuS zu schützen.  (Die Störung wurde nicht einfach weggelächelt.) Die Weigerung  stellt weitere Anforderungen an die Lehrkraft. Hier könnte eine Auswahlmöglichkeit helfen (entweder du, oder du.... du hast die Wahl.)","unterscheiden, ob es typische oder einmalige Unterrichtssituationen sind und ein Coaching zu diesem Phänomen anbieten.",4,4,3,3,3,3,4,3,3,3,2,3,3,3,3,3,4,2,62
"146",533,"HE10HES",8,NA,NA,NA,NA,"",NA,NA,NA,NA,NA,NA,NA,NA,NA,NA,NA,NA,NA,NA,NA,NA,NA,NA,NA,NA,NA,NA,NA,NA,NA,NA,NA,NA,NA,NA,NA,NA,NA,NA,NA,"","","",NA,NA,NA,NA,NA,NA,NA,NA,NA,NA,NA,NA,NA,NA,NA,NA,NA,NA,NA
"147",534,"AN03FRL",30,1,NA,NA,NA,"Lehrkraft-Lernenden-Beziehung",2,4,4,1,2,3,1,3,3,1,1,1,2,4,2,NA,5,6,4,6,2,4,4,5,4,3,5,6,4,6,2,6,5,5,4,"","","",3,3,2,3,3,4,3,2,3,3,3,4,3,4,3,3,4,2,42
"148",535,"VE27HUH",30,1,NA,NA,NA,"Der Unterricht ist nicht an die Situation angepasst.",1,3,3,1,2,1,2,3,3,1,2,1,2,2,2,NA,5,7,1,6,6,1,2,5,6,6,6,6,6,5,2,6,6,6,5,"die Situation analysieren lassen (mittels ALACT-Modell).","versuchen den/die LAA zu einem Perspektivwechsel anzuregen.","die/den LAA konkret planen lassen.",3,4,4,4,3,4,3,3,4,3,3,3,3,3,3,3,4,1,48
"149",536,"RE25KAE",30,1,NA,NA,NA,"mangelndes Standing/ Präsenz",1,3,NA,1,2,1,1,2,3,1,1,1,1,5,1,NA,4,5,5,7,1,4,6,6,6,4,4,6,5,6,5,6,6,6,5,"Co-Planning anbieten","Patenschaften initiieren","Hospitationen ermöglichen",5,4,4,4,4,4,4,4,4,4,4,4,3,4,4,4,4,1,55
"150",537,"DA08HAO",30,2,NA,NA,NA,"Beziehung zwischen LAA und SuS scheint nicht stimmig ",4,1,4,1,1,1,1,1,1,1,1,1,1,4,1,NA,6,6,4,6,2,5,6,6,6,3,6,6,5,6,6,NA,6,6,6,"die LAA/den LAA nach ihrem/seinem Befinden fragen ","Fragen, was sie/er benötigt ","",5,3,3,3,2,3,3,2,3,3,3,3,3,3,3,3,3,1,33
"151",538,"BR12WEH",30,2,NA,NA,NA,"Schüler Lehrer Beziehung ",2,2,5,2,1,3,1,1,3,1,1,1,1,3,1,NA,4,4,4,7,1,5,1,6,6,6,6,6,6,6,4,6,6,6,6,"","","",4,4,4,4,4,4,4,3,4,4,4,4,4,4,4,4,4,1,55
"152",539,"AN26JOL",30,3,NA,NA,NA,"ungünstiges Classroom-Management",4,4,5,1,2,4,3,2,4,1,2,1,1,5,1,NA,5,7,6,7,3,3,4,5,5,5,2,5,3,6,5,6,6,5,6,"nach Erlaubnis des/der LAA diese Situation mit in das Seminar tragen lassen.","","",5,4,3,4,2,4,3,3,4,4,4,4,4,4,4,3,4,2,48
"153",540,"BE01HUS",30,1,NA,NA,NA,"Mangelndes Classroom-Management",1,1,5,1,1,1,1,1,3,1,1,1,1,5,1,NA,4,5,5,7,1,3,1,6,6,1,1,6,3,5,1,6,6,6,5,"die Situation reframen. ","Fragen stellen, die das Verhalten aller Beteiligten in den Blick nimmt. ","Bedarfe der Sus analysieren lassen, die helfen, die Aufmerksamkeit zu fokussieren",4,3,3,4,3,4,4,3,4,2,4,4,3,3,4,4,3,2,41
"154",541,"EL18HAG",9,NA,NA,NA,NA,"",NA,NA,NA,NA,NA,NA,NA,NA,NA,NA,NA,NA,NA,NA,NA,NA,NA,NA,NA,NA,NA,NA,NA,NA,NA,NA,NA,NA,NA,NA,NA,NA,NA,NA,NA,"","","",NA,NA,NA,NA,NA,NA,NA,NA,NA,NA,NA,NA,NA,NA,NA,NA,NA,NA,NA
"155",542,"HA13GEW",30,1,NA,NA,NA,"Respektlosigkeit",4,4,3,1,4,3,1,4,1,1,3,1,4,4,2,NA,5,5,3,5,2,4,5,4,5,6,1,5,5,5,4,5,6,6,6,"","","",4,3,3,3,3,3,4,2,3,3,3,3,2,3,3,3,4,1,59
"156",543,"UT05GED",30,2,NA,NA,NA,"Bei der ausführlichen Erläuterung ist es der LAA nicht gelungen die SuS bei Interesse zu halten. Die SuS sind daraufhin teilweise abgeschweift.",1,3,3,1,1,1,1,3,1,1,1,1,1,1,1,NA,7,7,4,7,1,5,6,6,6,3,6,6,5,3,3,6,6,6,5,"von/mit der LAA Idee für die Ursache der Störung sammeln/lassen.","prozessorientiert alternative Handlungsweisen mit der LAA herausarbeiten.","",3,4,4,4,4,4,4,NA,4,4,4,4,4,4,4,4,4,1,47
"157",545,"KR03PES",30,2,NA,NA,NA,"Intransparenz",2,2,5,2,1,2,1,3,4,1,1,1,1,5,1,NA,3,7,4,6,1,1,6,6,6,2,3,5,6,6,6,6,6,6,5,"","","",3,4,4,4,4,4,3,3,4,4,4,4,3,4,4,4,4,1,40
"158",547,"RE12JOL",30,2,NA,NA,NA,"Das Ziel/ die Bedeutsamkeit der Aufgabe für den eigenen Lernweg/ für die Erarbeitung des Themas/die eigene Persönlichkeitsentwicklung/den Alltag ist den SuS nicht klar.",4,2,5,1,1,1,1,1,5,1,1,1,1,5,1,NA,4,7,4,6,2,4,4,6,6,6,6,6,6,6,4,6,6,6,1,"eine Videografie des Unterrichts mit anschließender Selbstreflexion und darauf folgendem Beratungsgespräch vorschlagen","Hospitation bei einer anderen Lehrkraft vorschlagen, die die selbe Klasse unterrichtet, um die Lerngruppe, deren Verhalten und Lernbedürfnisse gezielt im Hinblick der Beratungsaspekte aus dem UB zu beobachten.gezielt","ggf. eine POB zum Beratungsaspekt der Persönlichkeit vorschlagen,- sofern ein solcher in der UBN herausgearbeitet  wurde",4,4,4,4,3,4,4,4,4,4,3,3,3,4,4,4,4,1,54
"159",548,"BA27HEA",30,2,NA,NA,NA,"Die Aufgabe ist nicht sinnstiftend mit Bezug zur Bedeutsamkeit des Inhaltes angelegt.",1,1,5,1,1,1,1,1,1,1,1,1,1,5,1,NA,4,5,4,4,1,6,1,6,6,1,5,6,6,4,6,6,6,6,6,"grundsätzlich erklären, dass es keinen störungsfreien Unterricht gibt.","fragen, wann sich die LAA wohl und wann unwohl gefühlt hat.","fragen, welche Lösungen ihr selber einfallen.",4,4,4,4,4,4,3,3,4,4,4,4,4,4,4,4,4,1,49
"160",549,"EL05VOE",30,2,NA,NA,NA,"Die Aufgabe überfordert die Schüler*innen möglicherweise, wodurch ein Mangel an Motivation entsteht und die Schüler*innen die Arbeit verweigern.",1,3,4,1,1,3,1,1,4,1,1,1,1,5,1,NA,6,7,2,7,4,3,1,6,6,1,6,6,6,6,6,6,6,6,1,"den/ die LAA ggf. mit meiner Hilfe bitten, selber Ursachen für die Situation zu finden.","danach gemeinsam mit der/dem LAA Lösungsmöglichkeiten überdenken, damit diese Situation nicht nochmal passiert.","",2,4,4,4,4,4,3,3,4,4,4,4,4,4,4,4,4,1,42
"161",550,"BÄ23KLW",30,2,NA,NA,NA,"Die LiV hat keine Verbindlichkeit hergestellt, indem sie deutlich gemacht hat, was mit den Ergebnissen passiert, z.B. dass jeder in der Lage sein muss zu präsentieren, dass diese eingesammelt werden, dass diese benotet werden etc. Die SuS haben daher das Gefühl, dass es egal ist, ob sie die Aufgabe bearbeiten oder nicht.",2,2,4,1,2,1,1,2,1,1,1,1,1,4,2,NA,6,4,4,7,1,4,4,4,6,1,6,4,6,6,1,6,6,6,6,"Strategien nennen, die ich in solchen Situationen anwende","mit der LiV den Situationsprototypen analysieren und dann den zugehörigen Aktionsprototypen entwickeln, so dass der/die LiV ein entsprechendes Handlungsmuster für diese Situation hat und mit dem Erkennen der Situation auch die Reaktionsmöglichkeiten sieht.","gemeinsam mit der LiV die handlungssteuernden subjektiven Theorien  analysieren, außer Kraft setzen, durch Alternativen ersetzen und dieses neue Handeln in Gang bringen, durch Planen, wie diese neuen Lösungen durch Simulieren, Trainieren und Anwenden automatisiert werden können.  ",1,4,4,4,4,4,4,4,4,4,4,4,3,4,4,3,4,2,54
"162",552,"KA05EDB",12,3,NA,NA,NA,"",NA,NA,NA,NA,NA,NA,NA,NA,NA,NA,NA,NA,NA,NA,NA,NA,NA,NA,NA,NA,NA,NA,NA,NA,NA,NA,NA,NA,NA,NA,NA,NA,NA,NA,NA,"","","",NA,NA,NA,NA,NA,NA,NA,NA,NA,NA,NA,NA,NA,NA,NA,NA,NA,NA,NA
"163",553,"AN28SIS",30,3,NA,NA,NA,"individuelle Problemlage beim Schüler, die die LiVd sicherlich in der Unterichtsplanung benannt hat; mangelnde Handlungsalternativen zum jetzigen Ausbildungsstand",4,2,5,1,1,1,1,2,3,1,1,1,1,5,2,NA,4,6,5,6,2,2,4,6,4,4,4,4,3,5,3,4,6,6,3,"","","",4,4,4,4,3,3,3,2,3,3,3,3,3,4,3,4,4,2,39
"164",554,"MA04HEA",8,NA,NA,NA,NA,"",NA,NA,NA,NA,NA,NA,NA,NA,NA,NA,NA,NA,NA,NA,NA,NA,NA,NA,NA,NA,NA,NA,NA,NA,NA,NA,NA,NA,NA,NA,NA,NA,NA,NA,NA,"","","",NA,NA,NA,NA,NA,NA,NA,NA,NA,NA,NA,NA,NA,NA,NA,NA,NA,NA,NA
"165",567,"UT17HAH",30,3,NA,NA,NA,"Überforderung des Schülers",4,3,5,1,1,3,1,3,1,1,2,1,1,1,1,NA,4,7,5,6,5,6,1,5,6,5,6,5,5,6,5,6,6,6,3,"im Seminar gemeinsam ""laut denken"". Andere LAAs kennen das Problem und haben auch Ideen. ","","",3,3,3,3,3,4,4,3,4,3,4,3,3,4,3,4,4,1,38
"166",559,"UL24HEL",12,3,NA,NA,NA,"",NA,NA,NA,NA,NA,NA,NA,NA,NA,NA,NA,NA,NA,NA,NA,NA,NA,NA,NA,NA,NA,NA,NA,NA,NA,NA,NA,NA,NA,NA,NA,NA,NA,NA,NA,"","","",NA,NA,NA,NA,NA,NA,NA,NA,NA,NA,NA,NA,NA,NA,NA,NA,NA,NA,NA
"167",561,"UT26GEW",30,3,NA,NA,NA,"Beziehung zwischen Mehrkraft und SuS noch nicht genug gefestigt",2,3,3,1,1,2,1,3,1,1,1,1,1,2,1,NA,5,4,3,7,1,5,4,5,5,6,6,6,6,6,5,6,6,6,5,"","","",3,4,4,4,3,4,3,4,4,4,4,4,4,4,4,3,4,1,42
"168",564,"MA02HAR",30,3,NA,NA,NA,"Fehlende Schüleraktivität",1,3,5,1,1,1,1,2,3,1,1,3,1,5,3,NA,6,7,NA,7,1,1,4,6,6,3,NA,6,5,6,3,6,6,6,1,"","","",6,4,3,3,4,3,4,2,2,3,2,4,4,3,4,4,4,1,39
"169",566,"FI13JOA",30,2,NA,NA,NA,"Der Lerngegenstand wurde für die Lerngruppe nicht als herausfordernde und sinnstiftende Lernaufgabe aufbereitet.",1,NA,4,1,1,NA,1,2,NA,NA,1,NA,3,NA,2,NA,4,6,2,6,2,4,3,6,4,2,6,6,4,6,6,6,6,5,3,"Die nächste Stunde in dieser Lerngruppe gemeinsam mit der LAA planen (Co-Planning)","Mit der Lehramtsanwärterin auf Ursachenforschung gehen ","mich mit der LEhramtsanwärterin über Ihre Planungsgedanken austauschen. ",4,4,4,4,4,4,4,3,4,4,4,4,4,4,4,4,4,1,52
"170",568,"RI02HAP",30,3,NA,NA,NA,"Die Klasse hat vorher eine Klassenarbeit geschrieben oder schreibt in der nachfolgenden Stunde eine Arbeit.",1,2,2,1,1,1,1,1,1,1,1,1,1,1,1,NA,1,7,1,1,1,5,3,6,6,6,6,6,6,6,5,6,6,6,6,"aus meiner Praxis berichten.","die Realität in den Blick nehmen und so das vermeintliche Scheitern relativieren.","",NA,4,4,4,4,4,4,3,4,4,4,4,3,4,4,4,4,1,56
"171",570,"IN24VOF",30,1,NA,NA,NA,"Fehlende Ritualisierung, fehlende kognitive Aktivierung",2,2,5,1,1,1,1,1,1,1,1,1,2,2,2,NA,4,7,4,7,1,2,6,5,5,4,6,4,4,4,5,4,6,6,3,"","","",5,4,4,4,3,3,4,4,4,4,3,4,3,4,4,4,4,1,46
"172",571,"GU13CLA",30,3,NA,NA,NA,"Mangelnde Erziehung des Schülers durch das Elternhaus.",2,3,3,1,2,1,1,2,1,1,2,1,2,4,2,NA,4,7,3,4,1,1,1,5,6,6,6,6,6,6,5,6,6,6,6,"","","",3,4,4,4,2,4,3,3,3,4,3,3,3,3,4,3,4,2,45
"173",572,"CH10HEW",30,2,NA,NA,NA,"Externe Einflüsse auf die Lerngruppe (Klassenarbeit in der nächsten Stunde)",3,2,4,1,2,3,1,1,3,1,2,1,2,3,2,NA,4,7,5,6,3,4,5,6,5,2,5,6,5,4,3,5,6,6,3,"","","",4,4,3,4,3,3,4,2,4,4,3,3,3,4,3,4,4,2,45
"174",573,"BA13EDB",30,1,NA,NA,NA,"Lernkontext unklar",4,3,4,1,2,3,1,4,4,1,4,1,3,5,3,NA,3,6,5,5,1,1,5,5,2,4,4,6,4,6,3,6,5,4,5,"","","",5,4,4,4,3,4,4,3,4,4,4,4,4,4,4,3,4,2,47
"175",575,"WK15AKG",30,1,NA,NA,NA,"",3,1,5,1,1,3,1,1,3,1,2,2,1,4,1,NA,4,5,4,6,4,2,2,5,2,2,3,5,2,4,5,4,5,4,3,"ggf. Coaching anbieten","Seminargruppe einbinden ","",4,3,3,3,3,3,3,3,3,3,3,3,3,3,3,3,3,2,55
"176",576,"HE25FRT",30,3,NA,NA,NA,"Es gibt keine Aufgabenklarheit.",2,3,4,1,1,1,1,4,1,1,1,1,1,5,2,NA,5,5,4,7,1,4,6,6,6,4,6,6,3,6,4,6,6,6,6,"einen Perspektivwechsel mit dem/der LAA durchspielen","die Sichtweise des/der LAA erfragen","Handlungsalternativen besprechen",3,4,4,4,4,4,4,4,4,4,4,3,3,4,4,4,4,1,42
